SpPair,program,ploidy,category,n
AthChi,OFb_base,diploid,one:one,12389
AthChi,OFb_base,diploid,1:M,1412
AthChi,OFb_base,diploid,M:1,1140
AthChi,OFb_base,diploid,M:M,3013
AthCru,OFb_base,diploid,one:one,13899
AthCru,OFb_base,diploid,1:M,1025
AthCru,OFb_base,diploid,M:1,1084
AthCru,OFb_base,diploid,M:M,2784
AthTar,OFb_base,diploid,one:one,8885
AthTar,OFb_base,diploid,1:M,1712
AthTar,OFb_base,diploid,M:1,1946
AthTar,OFb_base,diploid,M:M,2357
AthAar,OFb_base,diploid,one:one,8890
AthAar,OFb_base,diploid,1:M,1109
AthAar,OFb_base,diploid,M:1,2120
AthAar,OFb_base,diploid,M:M,2416
ChiCru,OFb_base,diploid,one:one,12359
ChiCru,OFb_base,diploid,1:M,1173
ChiCru,OFb_base,diploid,M:1,1471
ChiCru,OFb_base,diploid,M:M,2792
ChiTar,OFb_base,diploid,one:one,8500
ChiTar,OFb_base,diploid,1:M,1614
ChiTar,OFb_base,diploid,M:1,2157
ChiTar,OFb_base,diploid,M:M,2423
ChiAar,OFb_base,diploid,one:one,8495
ChiAar,OFb_base,diploid,1:M,1075
ChiAar,OFb_base,diploid,M:1,2406
ChiAar,OFb_base,diploid,M:M,2385
CruTar,OFb_base,diploid,one:one,8877
CruTar,OFb_base,diploid,1:M,1701
CruTar,OFb_base,diploid,M:1,1911
CruTar,OFb_base,diploid,M:M,2268
CruAar,OFb_base,diploid,one:one,8789
CruAar,OFb_base,diploid,1:M,1144
CruAar,OFb_base,diploid,M:1,2121
CruAar,OFb_base,diploid,M:M,2359
TarAar,OFb_base,diploid,one:one,6988
TarAar,OFb_base,diploid,1:M,1515
TarAar,OFb_base,diploid,M:1,2233
TarAar,OFb_base,diploid,M:M,2007
AthChi,BR,diploid,one:one,16340
AthChi,BR,diploid,1:M,1136
AthChi,BR,diploid,M:1,752
AthChi,BR,diploid,M:M,1489
AthCru,BR,diploid,one:one,17138
AthCru,BR,diploid,1:M,697
AthCru,BR,diploid,M:1,687
AthCru,BR,diploid,M:M,1576
AthTar,BR,diploid,one:one,13881
AthTar,BR,diploid,1:M,1048
AthTar,BR,diploid,M:1,1166
AthTar,BR,diploid,M:M,855
AthAar,BR,diploid,one:one,13579
AthAar,BR,diploid,1:M,784
AthAar,BR,diploid,M:1,1034
AthAar,BR,diploid,M:M,747
ChiCru,BR,diploid,one:one,16171
ChiCru,BR,diploid,1:M,770
ChiCru,BR,diploid,M:1,1131
ChiCru,BR,diploid,M:M,1429
ChiTar,BR,diploid,one:one,13419
ChiTar,BR,diploid,1:M,944
ChiTar,BR,diploid,M:1,1480
ChiTar,BR,diploid,M:M,907
ChiAar,BR,diploid,one:one,13180
ChiAar,BR,diploid,1:M,748
ChiAar,BR,diploid,M:1,1359
ChiAar,BR,diploid,M:M,756
CruTar,BR,diploid,one:one,13790
CruTar,BR,diploid,1:M,1038
CruTar,BR,diploid,M:1,1183
CruTar,BR,diploid,M:M,839
CruAar,BR,diploid,one:one,13542
CruAar,BR,diploid,1:M,763
CruAar,BR,diploid,M:1,989
CruAar,BR,diploid,M:M,745
TarAar,BR,diploid,one:one,11813
TarAar,BR,diploid,1:M,948
TarAar,BR,diploid,M:1,1043
TarAar,BR,diploid,M:M,473
AthChi,OFb,diploid,one:one,15032
AthChi,OFb,diploid,1:M,1429
AthChi,OFb,diploid,M:1,937
AthChi,OFb,diploid,M:M,2013
AthCru,OFb,diploid,one:one,15789
AthCru,OFb,diploid,1:M,917
AthCru,OFb,diploid,M:1,839
AthCru,OFb,diploid,M:M,2173
AthTar,OFb,diploid,one:one,11979
AthTar,OFb,diploid,1:M,1749
AthTar,OFb,diploid,M:1,1167
AthTar,OFb,diploid,M:M,1380
AthAar,OFb,diploid,one:one,13356
AthAar,OFb,diploid,1:M,1244
AthAar,OFb,diploid,M:1,1952
AthAar,OFb,diploid,M:M,414
ChiCru,OFb,diploid,one:one,14801
ChiCru,OFb,diploid,1:M,993
ChiCru,OFb,diploid,M:1,1414
ChiCru,OFb,diploid,M:M,1957
ChiTar,OFb,diploid,one:one,11490
ChiTar,OFb,diploid,1:M,1647
ChiTar,OFb,diploid,M:1,1533
ChiTar,OFb,diploid,M:M,1452
ChiAar,OFb,diploid,one:one,12849
ChiAar,OFb,diploid,1:M,1223
ChiAar,OFb,diploid,M:1,2364
ChiAar,OFb,diploid,M:M,437
CruTar,OFb,diploid,one:one,11856
CruTar,OFb,diploid,1:M,1700
CruTar,OFb,diploid,M:1,1190
CruTar,OFb,diploid,M:M,1385
CruAar,OFb,diploid,one:one,13217
CruAar,OFb,diploid,1:M,1234
CruAar,OFb,diploid,M:1,1948
CruAar,OFb,diploid,M:M,405
TarAar,OFb,diploid,one:one,10850
TarAar,OFb,diploid,1:M,1079
TarAar,OFb,diploid,M:1,2295
TarAar,OFb,diploid,M:M,386
AthChi,OFd,diploid,one:one,15286
AthChi,OFd,diploid,1:M,1449
AthChi,OFd,diploid,M:1,883
AthChi,OFd,diploid,M:M,1950
AthCru,OFd,diploid,one:one,16084
AthCru,OFd,diploid,1:M,902
AthCru,OFd,diploid,M:1,824
AthCru,OFd,diploid,M:M,2061
AthTar,OFd,diploid,one:one,12302
AthTar,OFd,diploid,1:M,1688
AthTar,OFd,diploid,M:1,1120
AthTar,OFd,diploid,M:M,1335
AthAar,OFd,diploid,one:one,13522
AthAar,OFd,diploid,1:M,1221
AthAar,OFd,diploid,M:1,1821
AthAar,OFd,diploid,M:M,410
ChiCru,OFd,diploid,one:one,15073
ChiCru,OFd,diploid,1:M,931
ChiCru,OFd,diploid,M:1,1425
ChiCru,OFd,diploid,M:M,1891
ChiTar,OFd,diploid,one:one,11786
ChiTar,OFd,diploid,1:M,1585
ChiTar,OFd,diploid,M:1,1543
ChiTar,OFd,diploid,M:M,1430
ChiAar,OFd,diploid,one:one,13002
ChiAar,OFd,diploid,1:M,1205
ChiAar,OFd,diploid,M:1,2300
ChiAar,OFd,diploid,M:M,430
CruTar,OFd,diploid,one:one,12160
CruTar,OFd,diploid,1:M,1663
CruTar,OFd,diploid,M:1,1170
CruTar,OFd,diploid,M:M,1326
CruAar,OFd,diploid,one:one,13393
CruAar,OFd,diploid,1:M,1204
CruAar,OFd,diploid,M:1,1826
CruAar,OFd,diploid,M:M,407
TarAar,OFd,diploid,one:one,11032
TarAar,OFd,diploid,1:M,1088
TarAar,OFd,diploid,M:1,2217
TarAar,OFd,diploid,M:M,365
AthChi,OFm,diploid,one:one,15165
AthChi,OFm,diploid,1:M,1459
AthChi,OFm,diploid,M:1,903
AthChi,OFm,diploid,M:M,1976
AthCru,OFm,diploid,one:one,15950
AthCru,OFm,diploid,1:M,933
AthCru,OFm,diploid,M:1,837
AthCru,OFm,diploid,M:M,2098
AthTar,OFm,diploid,one:one,12195
AthTar,OFm,diploid,1:M,1741
AthTar,OFm,diploid,M:1,1150
AthTar,OFm,diploid,M:M,1348
AthAar,OFm,diploid,one:one,13479
AthAar,OFm,diploid,1:M,1255
AthAar,OFm,diploid,M:1,1890
AthAar,OFm,diploid,M:M,407
ChiCru,OFm,diploid,one:one,14925
ChiCru,OFm,diploid,1:M,961
ChiCru,OFm,diploid,M:1,1433
ChiCru,OFm,diploid,M:M,1928
ChiTar,OFm,diploid,one:one,11671
ChiTar,OFm,diploid,1:M,1613
ChiTar,OFm,diploid,M:1,1554
ChiTar,OFm,diploid,M:M,1449
ChiAar,OFm,diploid,one:one,12921
ChiAar,OFm,diploid,1:M,1226
ChiAar,OFm,diploid,M:1,2379
ChiAar,OFm,diploid,M:M,424
CruTar,OFm,diploid,one:one,12047
CruTar,OFm,diploid,1:M,1679
CruTar,OFm,diploid,M:1,1194
CruTar,OFm,diploid,M:M,1354
CruAar,OFm,diploid,one:one,13322
CruAar,OFm,diploid,1:M,1235
CruAar,OFm,diploid,M:1,1909
CruAar,OFm,diploid,M:M,399
TarAar,OFm,diploid,one:one,10977
TarAar,OFm,diploid,1:M,1084
TarAar,OFm,diploid,M:1,2280
TarAar,OFm,diploid,M:M,372
AthChi,ON,diploid,one:one,12508
AthChi,ON,diploid,1:M,1711
AthChi,ON,diploid,M:1,1009
AthChi,ON,diploid,M:M,3309
AthCru,ON,diploid,one:one,13383
AthCru,ON,diploid,1:M,950
AthCru,ON,diploid,M:1,906
AthCru,ON,diploid,M:M,3429
AthTar,ON,diploid,one:one,10258
AthTar,ON,diploid,1:M,2162
AthTar,ON,diploid,M:1,1607
AthTar,ON,diploid,M:M,2368
AthAar,ON,diploid,one:one,11263
AthAar,ON,diploid,1:M,1428
AthAar,ON,diploid,M:1,2055
AthAar,ON,diploid,M:M,1787
ChiCru,ON,diploid,one:one,12357
ChiCru,ON,diploid,1:M,1053
ChiCru,ON,diploid,M:1,1703
ChiCru,ON,diploid,M:M,3233
ChiTar,ON,diploid,one:one,9639
ChiTar,ON,diploid,1:M,2033
ChiTar,ON,diploid,M:1,2118
ChiTar,ON,diploid,M:M,2470
ChiAar,ON,diploid,one:one,10610
ChiAar,ON,diploid,1:M,1385
ChiAar,ON,diploid,M:1,2626
ChiAar,ON,diploid,M:M,1820
CruTar,ON,diploid,one:one,10177
CruTar,ON,diploid,1:M,2137
CruTar,ON,diploid,M:1,1613
CruTar,ON,diploid,M:M,2362
CruAar,ON,diploid,one:one,11164
CruAar,ON,diploid,1:M,1456
CruAar,ON,diploid,M:1,2067
CruAar,ON,diploid,M:M,1732
TarAar,ON,diploid,one:one,9178
TarAar,ON,diploid,1:M,1578
TarAar,ON,diploid,M:1,2705
TarAar,ON,diploid,M:M,1436
AthChi,SPd,diploid,one:one,17688
AthChi,SPd,diploid,1:M,530
AthChi,SPd,diploid,M:1,762
AthChi,SPd,diploid,M:M,919
AthCru,SPd,diploid,one:one,18065
AthCru,SPd,diploid,1:M,658
AthCru,SPd,diploid,M:1,590
AthCru,SPd,diploid,M:M,1131
AthTar,SPd,diploid,one:one,14571
AthTar,SPd,diploid,1:M,478
AthTar,SPd,diploid,M:1,916
AthTar,SPd,diploid,M:M,559
AthAar,SPd,diploid,one:one,14447
AthAar,SPd,diploid,1:M,470
AthAar,SPd,diploid,M:1,883
AthAar,SPd,diploid,M:M,445
ChiCru,SPd,diploid,one:one,17393
ChiCru,SPd,diploid,1:M,807
ChiCru,SPd,diploid,M:1,517
ChiCru,SPd,diploid,M:M,885
ChiTar,SPd,diploid,one:one,14435
ChiTar,SPd,diploid,1:M,519
ChiTar,SPd,diploid,M:1,785
ChiTar,SPd,diploid,M:M,483
ChiAar,SPd,diploid,one:one,14394
ChiAar,SPd,diploid,1:M,510
ChiAar,SPd,diploid,M:1,745
ChiAar,SPd,diploid,M:M,396
CruTar,SPd,diploid,one:one,14413
CruTar,SPd,diploid,1:M,459
CruTar,SPd,diploid,M:1,936
CruTar,SPd,diploid,M:M,568
CruAar,SPd,diploid,one:one,14320
CruAar,SPd,diploid,1:M,455
CruAar,SPd,diploid,M:1,860
CruAar,SPd,diploid,M:M,452
TarAar,SPd,diploid,one:one,12499
TarAar,SPd,diploid,1:M,568
TarAar,SPd,diploid,M:1,552
TarAar,SPd,diploid,M:M,272
AthChi,SPm,diploid,one:one,17817
AthChi,SPm,diploid,1:M,513
AthChi,SPm,diploid,M:1,743
AthChi,SPm,diploid,M:M,889
AthCru,SPm,diploid,one:one,18177
AthCru,SPm,diploid,1:M,647
AthCru,SPm,diploid,M:1,577
AthCru,SPm,diploid,M:M,1091
AthTar,SPm,diploid,one:one,14656
AthTar,SPm,diploid,1:M,477
AthTar,SPm,diploid,M:1,902
AthTar,SPm,diploid,M:M,541
AthAar,SPm,diploid,one:one,14563
AthAar,SPm,diploid,1:M,459
AthAar,SPm,diploid,M:1,856
AthAar,SPm,diploid,M:M,426
ChiCru,SPm,diploid,one:one,17546
ChiCru,SPm,diploid,1:M,779
ChiCru,SPm,diploid,M:1,486
ChiCru,SPm,diploid,M:M,860
ChiTar,SPm,diploid,one:one,14515
ChiTar,SPm,diploid,1:M,506
ChiTar,SPm,diploid,M:1,766
ChiTar,SPm,diploid,M:M,477
ChiAar,SPm,diploid,one:one,14502
ChiAar,SPm,diploid,1:M,491
ChiAar,SPm,diploid,M:1,725
ChiAar,SPm,diploid,M:M,381
CruTar,SPm,diploid,one:one,14512
CruTar,SPm,diploid,1:M,439
CruTar,SPm,diploid,M:1,897
CruTar,SPm,diploid,M:M,563
CruAar,SPm,diploid,one:one,14427
CruAar,SPm,diploid,1:M,457
CruAar,SPm,diploid,M:1,846
CruAar,SPm,diploid,M:M,420
TarAar,SPm,diploid,one:one,12575
TarAar,SPm,diploid,1:M,539
TarAar,SPm,diploid,M:1,532
TarAar,SPm,diploid,M:M,276
AthChi,OFb_base,full,one:one,12389
AthChi,OFb_base,full,1:M,1412
AthChi,OFb_base,full,M:1,1140
AthChi,OFb_base,full,M:M,3013
AthCru,OFb_base,full,one:one,13899
AthCru,OFb_base,full,1:M,1025
AthCru,OFb_base,full,M:1,1084
AthCru,OFb_base,full,M:M,2784
AthTar,OFb_base,full,one:one,8885
AthTar,OFb_base,full,1:M,1712
AthTar,OFb_base,full,M:1,1946
AthTar,OFb_base,full,M:M,2357
AthSal,OFb_base,full,one:one,6828
AthSal,OFb_base,full,1:M,5828
AthSal,OFb_base,full,M:1,1056
AthSal,OFb_base,full,M:M,3077
AthBra,OFb_base,full,one:one,7321
AthBra,OFb_base,full,1:M,6168
AthBra,OFb_base,full,M:1,957
AthBra,OFb_base,full,M:M,3094
AthCsa,OFb_base,full,one:one,3572
AthCsa,OFb_base,full,1:M,12222
AthCsa,OFb_base,full,M:1,409
AthCsa,OFb_base,full,M:M,2793
AthAar,OFb_base,full,one:one,8890
AthAar,OFb_base,full,1:M,1109
AthAar,OFb_base,full,M:1,2120
AthAar,OFb_base,full,M:M,2416
ChiCru,OFb_base,full,one:one,12359
ChiCru,OFb_base,full,1:M,1173
ChiCru,OFb_base,full,M:1,1471
ChiCru,OFb_base,full,M:M,2792
ChiTar,OFb_base,full,one:one,8500
ChiTar,OFb_base,full,1:M,1614
ChiTar,OFb_base,full,M:1,2157
ChiTar,OFb_base,full,M:M,2423
ChiSal,OFb_base,full,one:one,6804
ChiSal,OFb_base,full,1:M,5120
ChiSal,OFb_base,full,M:1,1349
ChiSal,OFb_base,full,M:M,3162
ChiBra,OFb_base,full,one:one,7054
ChiBra,OFb_base,full,1:M,5852
ChiBra,OFb_base,full,M:1,1208
ChiBra,OFb_base,full,M:M,3205
ChiCsa,OFb_base,full,one:one,3554
ChiCsa,OFb_base,full,1:M,11159
ChiCsa,OFb_base,full,M:1,726
ChiCsa,OFb_base,full,M:M,2969
ChiAar,OFb_base,full,one:one,8495
ChiAar,OFb_base,full,1:M,1075
ChiAar,OFb_base,full,M:1,2406
ChiAar,OFb_base,full,M:M,2385
CruTar,OFb_base,full,one:one,8877
CruTar,OFb_base,full,1:M,1701
CruTar,OFb_base,full,M:1,1911
CruTar,OFb_base,full,M:M,2268
CruSal,OFb_base,full,one:one,6892
CruSal,OFb_base,full,1:M,5729
CruSal,OFb_base,full,M:1,1070
CruSal,OFb_base,full,M:M,2998
CruBra,OFb_base,full,one:one,7472
CruBra,OFb_base,full,1:M,6202
CruBra,OFb_base,full,M:1,970
CruBra,OFb_base,full,M:M,3004
CruCsa,OFb_base,full,one:one,4851
CruCsa,OFb_base,full,1:M,11538
CruCsa,OFb_base,full,M:1,431
CruCsa,OFb_base,full,M:M,2756
CruAar,OFb_base,full,one:one,8789
CruAar,OFb_base,full,1:M,1144
CruAar,OFb_base,full,M:1,2121
CruAar,OFb_base,full,M:M,2359
TarSal,OFb_base,full,one:one,7154
TarSal,OFb_base,full,1:M,3254
TarSal,OFb_base,full,M:1,1851
TarSal,OFb_base,full,M:M,2291
TarBra,OFb_base,full,one:one,6634
TarBra,OFb_base,full,1:M,4167
TarBra,OFb_base,full,M:1,1572
TarBra,OFb_base,full,M:M,2513
TarCsa,OFb_base,full,one:one,2424
TarCsa,OFb_base,full,1:M,9033
TarCsa,OFb_base,full,M:1,829
TarCsa,OFb_base,full,M:M,2772
TarAar,OFb_base,full,one:one,6988
TarAar,OFb_base,full,1:M,1515
TarAar,OFb_base,full,M:1,2233
TarAar,OFb_base,full,M:M,2007
SalBra,OFb_base,full,one:one,9238
SalBra,OFb_base,full,1:M,2766
SalBra,OFb_base,full,M:1,1745
SalBra,OFb_base,full,M:M,6594
SalCsa,OFb_base,full,one:one,765
SalCsa,OFb_base,full,1:M,9549
SalCsa,OFb_base,full,M:1,701
SalCsa,OFb_base,full,M:M,6274
SalAar,OFb_base,full,one:one,5807
SalAar,OFb_base,full,1:M,1110
SalAar,OFb_base,full,M:1,4886
SalAar,OFb_base,full,M:M,2387
BraCsa,OFb_base,full,one:one,1026
BraCsa,OFb_base,full,1:M,9446
BraCsa,OFb_base,full,M:1,872
BraCsa,OFb_base,full,M:M,6962
BraAar,OFb_base,full,one:one,5804
BraAar,OFb_base,full,1:M,992
BraAar,OFb_base,full,M:1,5168
BraAar,OFb_base,full,M:M,2437
CsaAar,OFb_base,full,one:one,1834
CsaAar,OFb_base,full,1:M,448
CsaAar,OFb_base,full,M:1,9760
CsaAar,OFb_base,full,M:M,2489
AthChi,BR,full,one:one,16959
AthChi,BR,full,1:M,1252
AthChi,BR,full,M:1,808
AthChi,BR,full,M:M,1191
AthCru,BR,full,one:one,17812
AthCru,BR,full,1:M,779
AthCru,BR,full,M:1,736
AthCru,BR,full,M:M,1305
AthTar,BR,full,one:one,14392
AthTar,BR,full,1:M,1186
AthTar,BR,full,M:1,909
AthTar,BR,full,M:M,866
AthSal,BR,full,one:one,9685
AthSal,BR,full,1:M,7577
AthSal,BR,full,M:1,624
AthSal,BR,full,M:M,1220
AthBra,BR,full,one:one,9862
AthBra,BR,full,1:M,7924
AthBra,BR,full,M:1,567
AthBra,BR,full,M:M,1365
AthCsa,BR,full,one:one,497
AthCsa,BR,full,1:M,18081
AthCsa,BR,full,M:1,77
AthCsa,BR,full,M:M,1987
AthAar,BR,full,one:one,14107
AthAar,BR,full,1:M,885
AthAar,BR,full,M:1,948
AthAar,BR,full,M:M,552
ChiCru,BR,full,one:one,16797
ChiCru,BR,full,1:M,841
ChiCru,BR,full,M:1,1245
ChiCru,BR,full,M:M,1142
ChiTar,BR,full,one:one,13903
ChiTar,BR,full,1:M,1089
ChiTar,BR,full,M:1,1262
ChiTar,BR,full,M:M,914
ChiSal,BR,full,one:one,9323
ChiSal,BR,full,1:M,7389
ChiSal,BR,full,M:1,873
ChiSal,BR,full,M:M,1374
ChiBra,BR,full,one:one,9496
ChiBra,BR,full,1:M,7692
ChiBra,BR,full,M:1,803
ChiBra,BR,full,M:M,1540
ChiCsa,BR,full,one:one,438
ChiCsa,BR,full,1:M,17161
ChiCsa,BR,full,M:1,88
ChiCsa,BR,full,M:M,2353
ChiAar,BR,full,one:one,13647
ChiAar,BR,full,1:M,865
ChiAar,BR,full,M:1,1320
ChiAar,BR,full,M:M,549
CruTar,BR,full,one:one,14307
CruTar,BR,full,1:M,1143
CruTar,BR,full,M:1,915
CruTar,BR,full,M:M,877
CruSal,BR,full,one:one,9638
CruSal,BR,full,1:M,7570
CruSal,BR,full,M:1,641
CruSal,BR,full,M:M,1217
CruBra,BR,full,one:one,9874
CruBra,BR,full,1:M,7912
CruBra,BR,full,M:1,571
CruBra,BR,full,M:M,1397
CruCsa,BR,full,one:one,526
CruCsa,BR,full,1:M,18132
CruCsa,BR,full,M:1,75
CruCsa,BR,full,M:M,2079
CruAar,BR,full,one:one,14038
CruAar,BR,full,1:M,871
CruAar,BR,full,M:1,911
CruAar,BR,full,M:M,548
TarSal,BR,full,one:one,8251
TarSal,BR,full,1:M,6609
TarSal,BR,full,M:1,746
TarSal,BR,full,M:M,1261
TarBra,BR,full,one:one,8343
TarBra,BR,full,1:M,6893
TarBra,BR,full,M:1,684
TarBra,BR,full,M:M,1380
TarCsa,BR,full,one:one,336
TarCsa,BR,full,1:M,14903
TarCsa,BR,full,M:1,64
TarCsa,BR,full,M:M,2002
TarAar,BR,full,one:one,12053
TarAar,BR,full,1:M,824
TarAar,BR,full,M:1,1148
TarAar,BR,full,M:M,492
SalBra,BR,full,one:one,9655
SalBra,BR,full,1:M,1704
SalBra,BR,full,M:1,1382
SalBra,BR,full,M:M,7684
SalCsa,BR,full,one:one,287
SalCsa,BR,full,1:M,10027
SalCsa,BR,full,M:1,151
SalCsa,BR,full,M:M,8627
SalAar,BR,full,one:one,7871
SalAar,BR,full,1:M,516
SalAar,BR,full,M:1,6751
SalAar,BR,full,M:M,878
BraCsa,BR,full,one:one,317
BraCsa,BR,full,1:M,10122
BraCsa,BR,full,M:1,189
BraCsa,BR,full,M:M,9080
BraAar,BR,full,one:one,7984
BraAar,BR,full,1:M,471
BraAar,BR,full,M:1,6899
BraAar,BR,full,M:M,948
CsaAar,BR,full,one:one,264
CsaAar,BR,full,1:M,35
CsaAar,BR,full,M:1,14661
CsaAar,BR,full,M:M,1396
AthChi,OFb,full,one:one,15229
AthChi,OFb,full,1:M,1366
AthChi,OFb,full,M:1,877
AthChi,OFb,full,M:M,1991
AthCru,OFb,full,one:one,15992
AthCru,OFb,full,1:M,870
AthCru,OFb,full,M:1,766
AthCru,OFb,full,M:M,2140
AthTar,OFb,full,one:one,12276
AthTar,OFb,full,1:M,1603
AthTar,OFb,full,M:1,1111
AthTar,OFb,full,M:M,1401
AthSal,OFb,full,one:one,9074
AthSal,OFb,full,1:M,6675
AthSal,OFb,full,M:1,731
AthSal,OFb,full,M:M,1930
AthBra,OFb,full,one:one,8832
AthBra,OFb,full,1:M,7430
AthBra,OFb,full,M:1,620
AthBra,OFb,full,M:M,2153
AthCsa,OFb,full,one:one,1742
AthCsa,OFb,full,1:M,15288
AthCsa,OFb,full,M:1,144
AthCsa,OFb,full,M:M,2790
AthAar,OFb,full,one:one,13676
AthAar,OFb,full,1:M,1089
AthAar,OFb,full,M:1,1896
AthAar,OFb,full,M:M,411
ChiCru,OFb,full,one:one,15020
ChiCru,OFb,full,1:M,955
ChiCru,OFb,full,M:1,1343
ChiCru,OFb,full,M:M,1938
ChiTar,OFb,full,one:one,11811
ChiTar,OFb,full,1:M,1511
ChiTar,OFb,full,M:1,1467
ChiTar,OFb,full,M:M,1466
ChiSal,OFb,full,one:one,8706
ChiSal,OFb,full,1:M,6467
ChiSal,OFb,full,M:1,1025
ChiSal,OFb,full,M:M,2097
ChiBra,OFb,full,one:one,8458
ChiBra,OFb,full,1:M,7192
ChiBra,OFb,full,M:1,869
ChiBra,OFb,full,M:M,2358
ChiCsa,OFb,full,one:one,1680
ChiCsa,OFb,full,1:M,14535
ChiCsa,OFb,full,M:1,263
ChiCsa,OFb,full,M:M,3151
ChiAar,OFb,full,one:one,13188
ChiAar,OFb,full,1:M,1060
ChiAar,OFb,full,M:1,2301
ChiAar,OFb,full,M:M,430
CruTar,OFb,full,one:one,12166
CruTar,OFb,full,1:M,1555
CruTar,OFb,full,M:1,1139
CruTar,OFb,full,M:M,1415
CruSal,OFb,full,one:one,9005
CruSal,OFb,full,1:M,6631
CruSal,OFb,full,M:1,778
CruSal,OFb,full,M:M,1937
CruBra,OFb,full,one:one,8836
CruBra,OFb,full,1:M,7369
CruBra,OFb,full,M:1,612
CruBra,OFb,full,M:M,2242
CruCsa,OFb,full,one:one,1773
CruCsa,OFb,full,1:M,15262
CruCsa,OFb,full,M:1,157
CruCsa,OFb,full,M:M,2927
CruAar,OFb,full,one:one,13546
CruAar,OFb,full,1:M,1069
CruAar,OFb,full,M:1,1894
CruAar,OFb,full,M:M,416
TarSal,OFb,full,one:one,7329
TarSal,OFb,full,1:M,5590
TarSal,OFb,full,M:1,1021
TarSal,OFb,full,M:M,1920
TarBra,OFb,full,one:one,7039
TarBra,OFb,full,1:M,6190
TarBra,OFb,full,M:1,908
TarBra,OFb,full,M:M,2093
TarCsa,OFb,full,one:one,1397
TarCsa,OFb,full,1:M,12137
TarCsa,OFb,full,M:1,248
TarCsa,OFb,full,M:M,2832
TarAar,OFb,full,one:one,11181
TarAar,OFb,full,1:M,976
TarAar,OFb,full,M:1,2192
TarAar,OFb,full,M:M,376
SalBra,OFb,full,one:one,8278
SalBra,OFb,full,1:M,2112
SalBra,OFb,full,M:1,1298
SalBra,OFb,full,M:M,7527
SalCsa,OFb,full,one:one,1073
SalCsa,OFb,full,1:M,8908
SalCsa,OFb,full,M:1,695
SalCsa,OFb,full,M:M,7943
SalAar,OFb,full,one:one,8060
SalAar,OFb,full,1:M,617
SalAar,OFb,full,M:1,6929
SalAar,OFb,full,M:M,860
BraCsa,OFb,full,one:one,1145
BraCsa,OFb,full,1:M,8448
BraCsa,OFb,full,M:1,691
BraCsa,OFb,full,M:M,8951
BraAar,OFb,full,one:one,7767
BraAar,OFb,full,1:M,569
BraAar,OFb,full,M:1,7557
BraAar,OFb,full,M:M,930
CsaAar,OFb,full,one:one,1549
CsaAar,OFb,full,1:M,153
CsaAar,OFb,full,M:1,14052
CsaAar,OFb,full,M:M,1383
AthChi,OFd,full,one:one,15738
AthChi,OFd,full,1:M,1369
AthChi,OFd,full,M:1,855
AthChi,OFd,full,M:M,1797
AthCru,OFd,full,one:one,16550
AthCru,OFd,full,1:M,851
AthCru,OFd,full,M:1,785
AthCru,OFd,full,M:M,1910
AthTar,OFd,full,one:one,12660
AthTar,OFd,full,1:M,1651
AthTar,OFd,full,M:1,1049
AthTar,OFd,full,M:M,1231
AthSal,OFd,full,one:one,9582
AthSal,OFd,full,1:M,6664
AthSal,OFd,full,M:1,757
AthSal,OFd,full,M:M,1692
AthBra,OFd,full,one:one,9357
AthBra,OFd,full,1:M,7411
AthBra,OFd,full,M:1,628
AthBra,OFd,full,M:M,1924
AthCsa,OFd,full,one:one,2165
AthCsa,OFd,full,1:M,15424
AthCsa,OFd,full,M:1,186
AthCsa,OFd,full,M:M,2549
AthAar,OFd,full,one:one,13784
AthAar,OFd,full,1:M,1171
AthAar,OFd,full,M:1,1649
AthAar,OFd,full,M:M,392
ChiCru,OFd,full,one:one,15557
ChiCru,OFd,full,1:M,886
ChiCru,OFd,full,M:1,1354
ChiCru,OFd,full,M:M,1741
ChiTar,OFd,full,one:one,12196
ChiTar,OFd,full,1:M,1538
ChiTar,OFd,full,M:1,1455
ChiTar,OFd,full,M:M,1323
ChiSal,OFd,full,one:one,9210
ChiSal,OFd,full,1:M,6445
ChiSal,OFd,full,M:1,1081
ChiSal,OFd,full,M:M,1873
ChiBra,OFd,full,one:one,8979
ChiBra,OFd,full,1:M,7166
ChiBra,OFd,full,M:1,911
ChiBra,OFd,full,M:M,2148
ChiCsa,OFd,full,one:one,2134
ChiCsa,OFd,full,1:M,14581
ChiCsa,OFd,full,M:1,292
ChiCsa,OFd,full,M:M,2946
ChiAar,OFd,full,one:one,13316
ChiAar,OFd,full,1:M,1141
ChiAar,OFd,full,M:1,2076
ChiAar,OFd,full,M:M,420
CruTar,OFd,full,one:one,12541
CruTar,OFd,full,1:M,1606
CruTar,OFd,full,M:1,1078
CruTar,OFd,full,M:M,1245
CruSal,OFd,full,one:one,9514
CruSal,OFd,full,1:M,6635
CruSal,OFd,full,M:1,781
CruSal,OFd,full,M:M,1695
CruBra,OFd,full,one:one,9365
CruBra,OFd,full,1:M,7381
CruBra,OFd,full,M:1,631
CruBra,OFd,full,M:M,1983
CruCsa,OFd,full,one:one,2196
CruCsa,OFd,full,1:M,15444
CruCsa,OFd,full,M:1,191
CruCsa,OFd,full,M:M,2662
CruAar,OFd,full,one:one,13684
CruAar,OFd,full,1:M,1147
CruAar,OFd,full,M:1,1629
CruAar,OFd,full,M:M,389
TarSal,OFd,full,one:one,7721
TarSal,OFd,full,1:M,5530
TarSal,OFd,full,M:1,1095
TarSal,OFd,full,M:M,1740
TarBra,OFd,full,one:one,7444
TarBra,OFd,full,1:M,6143
TarBra,OFd,full,M:1,969
TarBra,OFd,full,M:M,1915
TarCsa,OFd,full,one:one,1757
TarCsa,OFd,full,1:M,12143
TarCsa,OFd,full,M:1,309
TarCsa,OFd,full,M:M,2664
TarAar,OFd,full,one:one,11240
TarAar,OFd,full,1:M,1033
TarAar,OFd,full,M:1,2076
TarAar,OFd,full,M:M,360
SalBra,OFd,full,one:one,8896
SalBra,OFd,full,1:M,2203
SalBra,OFd,full,M:1,1380
SalBra,OFd,full,M:M,7223
SalCsa,OFd,full,one:one,1381
SalCsa,OFd,full,1:M,9194
SalCsa,OFd,full,M:1,824
SalCsa,OFd,full,M:M,7552
SalAar,OFd,full,one:one,8291
SalAar,OFd,full,1:M,656
SalAar,OFd,full,M:1,6604
SalAar,OFd,full,M:M,871
BraCsa,OFd,full,one:one,1391
BraCsa,OFd,full,1:M,8777
BraCsa,OFd,full,M:1,902
BraCsa,OFd,full,M:M,8488
BraAar,OFd,full,one:one,8019
BraAar,OFd,full,1:M,608
BraAar,OFd,full,M:1,7200
BraAar,OFd,full,M:M,953
CsaAar,OFd,full,one:one,1875
CsaAar,OFd,full,1:M,185
CsaAar,OFd,full,M:1,13630
CsaAar,OFd,full,M:M,1410
AthChi,OFm,full,one:one,15515
AthChi,OFm,full,1:M,1405
AthChi,OFm,full,M:1,855
AthChi,OFm,full,M:M,1860
AthCru,OFm,full,one:one,16327
AthCru,OFm,full,1:M,863
AthCru,OFm,full,M:1,756
AthCru,OFm,full,M:M,2006
AthTar,OFm,full,one:one,12562
AthTar,OFm,full,1:M,1633
AthTar,OFm,full,M:1,1066
AthTar,OFm,full,M:M,1309
AthSal,OFm,full,one:one,9104
AthSal,OFm,full,1:M,6939
AthSal,OFm,full,M:1,718
AthSal,OFm,full,M:M,1806
AthBra,OFm,full,one:one,8849
AthBra,OFm,full,1:M,7734
AthBra,OFm,full,M:1,597
AthBra,OFm,full,M:M,2036
AthCsa,OFm,full,one:one,1844
AthCsa,OFm,full,1:M,15526
AthCsa,OFm,full,M:1,154
AthCsa,OFm,full,M:M,2633
AthAar,OFm,full,one:one,13796
AthAar,OFm,full,1:M,1143
AthAar,OFm,full,M:1,1743
AthAar,OFm,full,M:M,421
ChiCru,OFm,full,one:one,15305
ChiCru,OFm,full,1:M,909
ChiCru,OFm,full,M:1,1360
ChiCru,OFm,full,M:M,1826
ChiTar,OFm,full,one:one,12063
ChiTar,OFm,full,1:M,1519
ChiTar,OFm,full,M:1,1465
ChiTar,OFm,full,M:M,1403
ChiSal,OFm,full,one:one,8765
ChiSal,OFm,full,1:M,6679
ChiSal,OFm,full,M:1,1013
ChiSal,OFm,full,M:M,2016
ChiBra,OFm,full,one:one,8471
ChiBra,OFm,full,1:M,7439
ChiBra,OFm,full,M:1,879
ChiBra,OFm,full,M:M,2282
ChiCsa,OFm,full,one:one,1811
ChiCsa,OFm,full,1:M,14689
ChiCsa,OFm,full,M:1,260
ChiCsa,OFm,full,M:M,3072
ChiAar,OFm,full,one:one,13280
ChiAar,OFm,full,1:M,1110
ChiAar,OFm,full,M:1,2193
ChiAar,OFm,full,M:M,443
CruTar,OFm,full,one:one,12419
CruTar,OFm,full,1:M,1580
CruTar,OFm,full,M:1,1100
CruTar,OFm,full,M:M,1325
CruSal,OFm,full,one:one,9029
CruSal,OFm,full,1:M,6892
CruSal,OFm,full,M:1,763
CruSal,OFm,full,M:M,1815
CruBra,OFm,full,one:one,8843
CruBra,OFm,full,1:M,7672
CruBra,OFm,full,M:1,604
CruBra,OFm,full,M:M,2113
CruCsa,OFm,full,one:one,1873
CruCsa,OFm,full,1:M,15471
CruCsa,OFm,full,M:1,155
CruCsa,OFm,full,M:M,2780
CruAar,OFm,full,one:one,13658
CruAar,OFm,full,1:M,1120
CruAar,OFm,full,M:1,1750
CruAar,OFm,full,M:M,422
TarSal,OFm,full,one:one,7348
TarSal,OFm,full,1:M,5784
TarSal,OFm,full,M:1,1035
TarSal,OFm,full,M:M,1852
TarBra,OFm,full,one:one,7042
TarBra,OFm,full,1:M,6416
TarBra,OFm,full,M:1,910
TarBra,OFm,full,M:M,2028
TarCsa,OFm,full,one:one,1509
TarCsa,OFm,full,1:M,12266
TarCsa,OFm,full,M:1,251
TarCsa,OFm,full,M:M,2752
TarAar,OFm,full,one:one,11257
TarAar,OFm,full,1:M,1019
TarAar,OFm,full,M:1,2132
TarAar,OFm,full,M:M,381
SalBra,OFm,full,one:one,8326
SalBra,OFm,full,1:M,2122
SalBra,OFm,full,M:1,1275
SalBra,OFm,full,M:M,7700
SalCsa,OFm,full,one:one,1117
SalCsa,OFm,full,1:M,8905
SalCsa,OFm,full,M:1,754
SalCsa,OFm,full,M:M,8010
SalAar,OFm,full,one:one,7995
SalAar,OFm,full,1:M,615
SalAar,OFm,full,M:1,6972
SalAar,OFm,full,M:M,914
BraCsa,OFm,full,one:one,1178
BraCsa,OFm,full,1:M,8425
BraCsa,OFm,full,M:1,771
BraCsa,OFm,full,M:M,9046
BraAar,OFm,full,one:one,7679
BraAar,OFm,full,1:M,569
BraAar,OFm,full,M:1,7634
BraAar,OFm,full,M:M,998
CsaAar,OFm,full,one:one,1635
CsaAar,OFm,full,1:M,151
CsaAar,OFm,full,M:1,13929
CsaAar,OFm,full,M:M,1443
AthChi,ON,full,one:one,13512
AthChi,ON,full,1:M,1698
AthChi,ON,full,M:1,963
AthChi,ON,full,M:M,2746
AthCru,ON,full,one:one,14451
AthCru,ON,full,1:M,882
AthCru,ON,full,M:1,888
AthCru,ON,full,M:M,2829
AthTar,ON,full,one:one,11085
AthTar,ON,full,1:M,2152
AthTar,ON,full,M:1,1394
AthTar,ON,full,M:M,2034
AthSal,ON,full,one:one,7615
AthSal,ON,full,1:M,7150
AthSal,ON,full,M:1,777
AthSal,ON,full,M:M,2778
AthBra,ON,full,one:one,7598
AthBra,ON,full,1:M,7500
AthBra,ON,full,M:1,639
AthBra,ON,full,M:M,3013
AthCsa,ON,full,one:one,342
AthCsa,ON,full,1:M,15065
AthCsa,ON,full,M:1,68
AthCsa,ON,full,M:M,3677
AthAar,ON,full,one:one,12092
AthAar,ON,full,1:M,1450
AthAar,ON,full,M:1,1843
AthAar,ON,full,M:M,1437
ChiCru,ON,full,one:one,13393
ChiCru,ON,full,1:M,998
ChiCru,ON,full,M:1,1728
ChiCru,ON,full,M:M,2625
ChiTar,ON,full,one:one,10427
ChiTar,ON,full,1:M,2024
ChiTar,ON,full,M:1,1943
ChiTar,ON,full,M:M,2120
ChiSal,ON,full,one:one,7161
ChiSal,ON,full,1:M,6792
ChiSal,ON,full,M:1,1166
ChiSal,ON,full,M:M,3089
ChiBra,ON,full,one:one,7109
ChiBra,ON,full,1:M,7144
ChiBra,ON,full,M:1,1032
ChiBra,ON,full,M:M,3302
ChiCsa,ON,full,one:one,297
ChiCsa,ON,full,1:M,14163
ChiCsa,ON,full,M:1,80
ChiCsa,ON,full,M:M,4326
ChiAar,ON,full,one:one,11414
ChiAar,ON,full,1:M,1391
ChiAar,ON,full,M:1,2455
ChiAar,ON,full,M:M,1474
CruTar,ON,full,one:one,11032
CruTar,ON,full,1:M,2144
CruTar,ON,full,M:1,1382
CruTar,ON,full,M:M,2000
CruSal,ON,full,one:one,7583
CruSal,ON,full,1:M,7160
CruSal,ON,full,M:1,800
CruSal,ON,full,M:M,2728
CruBra,ON,full,one:one,7605
CruBra,ON,full,1:M,7498
CruBra,ON,full,M:1,637
CruBra,ON,full,M:M,3011
CruCsa,ON,full,one:one,350
CruCsa,ON,full,1:M,15059
CruCsa,ON,full,M:1,57
CruCsa,ON,full,M:M,3679
CruAar,ON,full,one:one,12023
CruAar,ON,full,1:M,1485
CruAar,ON,full,M:1,1834
CruAar,ON,full,M:M,1382
TarSal,ON,full,one:one,6097
TarSal,ON,full,1:M,6081
TarSal,ON,full,M:1,1193
TarSal,ON,full,M:M,2908
TarBra,ON,full,one:one,5978
TarBra,ON,full,1:M,6361
TarBra,ON,full,M:1,1091
TarBra,ON,full,M:M,3076
TarCsa,ON,full,one:one,220
TarCsa,ON,full,1:M,12295
TarCsa,ON,full,M:1,78
TarCsa,ON,full,M:M,4143
TarAar,ON,full,one:one,9784
TarAar,ON,full,1:M,1412
TarAar,ON,full,M:1,2541
TarAar,ON,full,M:M,1268
SalBra,ON,full,one:one,6734
SalBra,ON,full,1:M,1741
SalBra,ON,full,M:1,1339
SalBra,ON,full,M:M,8667
SalCsa,ON,full,one:one,231
SalCsa,ON,full,1:M,8245
SalCsa,ON,full,M:1,124
SalCsa,ON,full,M:M,9817
SalAar,ON,full,one:one,6524
SalAar,ON,full,1:M,779
SalAar,ON,full,M:1,7085
SalAar,ON,full,M:M,2057
BraCsa,ON,full,one:one,218
BraCsa,ON,full,1:M,8055
BraCsa,ON,full,M:1,159
BraCsa,ON,full,M:M,10360
BraAar,ON,full,one:one,6424
BraAar,ON,full,1:M,683
BraAar,ON,full,M:1,7384
BraAar,ON,full,M:M,2185
CsaAar,ON,full,one:one,196
CsaAar,ON,full,1:M,28
CsaAar,ON,full,M:1,13724
CsaAar,ON,full,M:M,2860
AthChi,SPd,full,one:one,17084
AthChi,SPd,full,1:M,562
AthChi,SPd,full,M:1,728
AthChi,SPd,full,M:M,1255
AthCru,SPd,full,one:one,17464
AthCru,SPd,full,1:M,660
AthCru,SPd,full,M:1,559
AthCru,SPd,full,M:M,1488
AthTar,SPd,full,one:one,14103
AthTar,SPd,full,1:M,522
AthTar,SPd,full,M:1,935
AthTar,SPd,full,M:M,830
AthSal,SPd,full,one:one,10540
AthSal,SPd,full,1:M,6120
AthSal,SPd,full,M:1,543
AthSal,SPd,full,M:M,1326
AthBra,SPd,full,one:one,10710
AthBra,SPd,full,1:M,6598
AthBra,SPd,full,M:1,514
AthBra,SPd,full,M:M,1455
AthCsa,SPd,full,one:one,1170
AthCsa,SPd,full,1:M,17059
AthCsa,SPd,full,M:1,99
AthCsa,SPd,full,M:M,1969
AthAar,SPd,full,one:one,14074
AthAar,SPd,full,1:M,537
AthAar,SPd,full,M:1,876
AthAar,SPd,full,M:M,674
ChiCru,SPd,full,one:one,16800
ChiCru,SPd,full,1:M,814
ChiCru,SPd,full,M:1,542
ChiCru,SPd,full,M:M,1220
ChiTar,SPd,full,one:one,13974
ChiTar,SPd,full,1:M,552
ChiTar,SPd,full,M:1,820
ChiTar,SPd,full,M:M,756
ChiSal,SPd,full,one:one,10410
ChiSal,SPd,full,1:M,6165
ChiSal,SPd,full,M:1,486
ChiSal,SPd,full,M:M,1192
ChiBra,SPd,full,one:one,10567
ChiBra,SPd,full,1:M,6636
ChiBra,SPd,full,M:1,416
ChiBra,SPd,full,M:M,1321
ChiCsa,SPd,full,one:one,1072
ChiCsa,SPd,full,1:M,16666
ChiCsa,SPd,full,M:1,101
ChiCsa,SPd,full,M:M,1700
ChiAar,SPd,full,one:one,13962
ChiAar,SPd,full,1:M,572
ChiAar,SPd,full,M:1,793
ChiAar,SPd,full,M:M,624
CruTar,SPd,full,one:one,13964
CruTar,SPd,full,1:M,498
CruTar,SPd,full,M:1,955
CruTar,SPd,full,M:M,836
CruSal,SPd,full,one:one,10480
CruSal,SPd,full,1:M,6071
CruSal,SPd,full,M:1,571
CruSal,SPd,full,M:M,1348
CruBra,SPd,full,one:one,10686
CruBra,SPd,full,1:M,6568
CruBra,SPd,full,M:1,550
CruBra,SPd,full,M:M,1506
CruCsa,SPd,full,one:one,1255
CruCsa,SPd,full,1:M,17072
CruCsa,SPd,full,M:1,110
CruCsa,SPd,full,M:M,2110
CruAar,SPd,full,one:one,13939
CruAar,SPd,full,1:M,524
CruAar,SPd,full,M:1,886
CruAar,SPd,full,M:M,677
TarSal,SPd,full,one:one,8939
TarSal,SPd,full,1:M,5489
TarSal,SPd,full,M:1,381
TarSal,SPd,full,M:M,936
TarBra,SPd,full,one:one,9001
TarBra,SPd,full,1:M,5857
TarBra,SPd,full,M:1,338
TarBra,SPd,full,M:M,1019
TarCsa,SPd,full,one:one,823
TarCsa,SPd,full,1:M,14260
TarCsa,SPd,full,M:1,71
TarCsa,SPd,full,M:M,1310
TarAar,SPd,full,one:one,12052
TarAar,SPd,full,1:M,645
TarAar,SPd,full,M:1,634
TarAar,SPd,full,M:M,454
SalBra,SPd,full,one:one,10416
SalBra,SPd,full,1:M,1899
SalBra,SPd,full,M:1,1466
SalBra,SPd,full,M:M,6069
SalCsa,SPd,full,one:one,718
SalCsa,SPd,full,1:M,10458
SalCsa,SPd,full,M:1,322
SalCsa,SPd,full,M:M,7130
SalAar,SPd,full,one:one,8670
SalAar,SPd,full,1:M,317
SalAar,SPd,full,M:1,5696
SalAar,SPd,full,M:M,861
BraCsa,SPd,full,one:one,755
BraCsa,SPd,full,1:M,10502
BraCsa,SPd,full,M:1,349
BraCsa,SPd,full,M:M,7730
BraAar,SPd,full,one:one,8722
BraAar,SPd,full,1:M,308
BraAar,SPd,full,M:1,5984
BraAar,SPd,full,M:M,890
CsaAar,SPd,full,one:one,712
CsaAar,SPd,full,1:M,44
CsaAar,SPd,full,M:1,14200
CsaAar,SPd,full,M:M,1177
AthChi,SPm,full,one:one,17195
AthChi,SPm,full,1:M,523
AthChi,SPm,full,M:1,706
AthChi,SPm,full,M:M,1234
AthCru,SPm,full,one:one,17560
AthCru,SPm,full,1:M,638
AthCru,SPm,full,M:1,536
AthCru,SPm,full,M:M,1454
AthTar,SPm,full,one:one,14186
AthTar,SPm,full,1:M,518
AthTar,SPm,full,M:1,904
AthTar,SPm,full,M:M,817
AthSal,SPm,full,one:one,10553
AthSal,SPm,full,1:M,6194
AthSal,SPm,full,M:1,514
AthSal,SPm,full,M:M,1294
AthBra,SPm,full,one:one,10737
AthBra,SPm,full,1:M,6647
AthBra,SPm,full,M:1,490
AthBra,SPm,full,M:M,1425
AthCsa,SPm,full,one:one,1182
AthCsa,SPm,full,1:M,17103
AthCsa,SPm,full,M:1,92
AthCsa,SPm,full,M:M,1921
AthAar,SPm,full,one:one,14169
AthAar,SPm,full,1:M,505
AthAar,SPm,full,M:1,858
AthAar,SPm,full,M:M,664
ChiCru,SPm,full,one:one,16928
ChiCru,SPm,full,1:M,789
ChiCru,SPm,full,M:1,503
ChiCru,SPm,full,M:M,1192
ChiTar,SPm,full,one:one,14048
ChiTar,SPm,full,1:M,540
ChiTar,SPm,full,M:1,797
ChiTar,SPm,full,M:M,747
ChiSal,SPm,full,one:one,10409
ChiSal,SPm,full,1:M,6233
ChiSal,SPm,full,M:1,465
ChiSal,SPm,full,M:M,1160
ChiBra,SPm,full,one:one,10587
ChiBra,SPm,full,1:M,6694
ChiBra,SPm,full,M:1,403
ChiBra,SPm,full,M:M,1283
ChiCsa,SPm,full,one:one,1086
ChiCsa,SPm,full,1:M,16715
ChiCsa,SPm,full,M:1,90
ChiCsa,SPm,full,M:M,1652
ChiAar,SPm,full,one:one,14060
ChiAar,SPm,full,1:M,545
ChiAar,SPm,full,M:1,773
ChiAar,SPm,full,M:M,612
CruTar,SPm,full,one:one,14045
CruTar,SPm,full,1:M,490
CruTar,SPm,full,M:1,924
CruTar,SPm,full,M:M,830
CruSal,SPm,full,one:one,10487
CruSal,SPm,full,1:M,6157
CruSal,SPm,full,M:1,557
CruSal,SPm,full,M:M,1315
CruBra,SPm,full,one:one,10701
CruBra,SPm,full,1:M,6631
CruBra,SPm,full,M:1,544
CruBra,SPm,full,M:M,1463
CruCsa,SPm,full,one:one,1255
CruCsa,SPm,full,1:M,17111
CruCsa,SPm,full,M:1,97
CruCsa,SPm,full,M:M,2061
CruAar,SPm,full,one:one,14028
CruAar,SPm,full,1:M,506
CruAar,SPm,full,M:1,881
CruAar,SPm,full,M:M,658
TarSal,SPm,full,one:one,8933
TarSal,SPm,full,1:M,5551
TarSal,SPm,full,M:1,372
TarSal,SPm,full,M:M,923
TarBra,SPm,full,one:one,9015
TarBra,SPm,full,1:M,5896
TarBra,SPm,full,M:1,332
TarBra,SPm,full,M:M,1006
TarCsa,SPm,full,one:one,836
TarCsa,SPm,full,1:M,14291
TarCsa,SPm,full,M:1,63
TarCsa,SPm,full,M:M,1295
TarAar,SPm,full,one:one,12120
TarAar,SPm,full,1:M,613
TarAar,SPm,full,M:1,618
TarAar,SPm,full,M:M,455
SalBra,SPm,full,one:one,10438
SalBra,SPm,full,1:M,1857
SalBra,SPm,full,M:1,1449
SalBra,SPm,full,M:M,6132
SalCsa,SPm,full,one:one,715
SalCsa,SPm,full,1:M,10434
SalCsa,SPm,full,M:1,323
SalCsa,SPm,full,M:M,7176
SalAar,SPm,full,one:one,8674
SalAar,SPm,full,1:M,312
SalAar,SPm,full,M:1,5771
SalAar,SPm,full,M:M,827
BraCsa,SPm,full,one:one,753
BraCsa,SPm,full,1:M,10492
BraCsa,SPm,full,M:1,352
BraCsa,SPm,full,M:M,7737
BraAar,SPm,full,one:one,8743
BraAar,SPm,full,1:M,299
BraAar,SPm,full,M:1,6042
BraAar,SPm,full,M:M,863
CsaAar,SPm,full,one:one,714
CsaAar,SPm,full,1:M,38
CsaAar,SPm,full,M:1,14266
CsaAar,SPm,full,M:M,1137